"Submission ID","Respondent ID","Submitted at","Edad","Provincia","Rol","¿Tomaste clases particulares durante los últimos años?","¿Cuántas veces?","¿Cómo encontraste al profesor?","¿Cuánto tardaste?","¿Qué fue lo más difícil?","Me gustaría que una plataforma me recomendara automáticamente el tutor más adecuado.","Tomaría clases virtuales si el profesor fuera bueno.","Me genera confianza una plataforma con profesores verificados.","Preferiría pagar dentro de una plataforma antes que por transferencia.","¿Cuáles de estas funciones considera más importantes?","¿Cuáles de estas funciones considera más importantes? (Videollamada integrada)","¿Cuáles de estas funciones considera más importantes? (Pago seguro)","¿Cuáles de estas funciones considera más importantes? (Profesores verificados)","¿Cuáles de estas funciones considera más importantes? (Calificaciones)","¿Cuáles de estas funciones considera más importantes? (IA que recomiende profesores)","¿Cuáles de estas funciones considera más importantes? (Chat)","¿Cuáles de estas funciones considera más importantes? (Agenda)","¿Cuáles de estas funciones considera más importantes? (Recordatorios)","¿Cuáles de estas funciones considera más importantes? (Resumen automático de la clase)","¿Cuánto estaría dispuesto a pagar por una clase de una hora?"
"VpN1NQy","PdLvL7P","2026-08-28 18:28:46","Más de 40","Buenos Aires","Padre/Madre","Sí","2-5","Recomendación","1-3 días","Coordinar horarios","1","1","1","1","Profesores verificados","false","false","true","false","false","false","false","false","false","$5000 a $9000"
"RWjBjkQ","KYAv4xA","2026-08-28 18:30:28","18-25","Buenos Aires","Alumno","Sí","Una","Otro","1-3 días","Saber si era bueno","5","5","1","3","Profesores verificados, Chat, Resumen automático de la clase, Recordatorios, Agenda, Calificaciones, IA que recomiende profesores, Pago seguro, Videollamada integrada","true","true","true","true","true","true","true","true","true","Hasta $3000"
"yX1qgMp","J9bXjAR","2026-08-28 18:37:13","Más de 40","Buenos Aires","Tutor","No","","","","","5","5","5","5","Videollamada integrada, Profesores verificados, Pago seguro, Recordatorios","true","true","true","false","false","false","false","true","false","$3000 a $5000"
"lazlgQN","RG1veqj","2026-08-28 18:40:53","26-40","Buenos Aires","Tutor","Sí","Una","Superprof","Una semana","Confianza","4","4","2","3","Videollamada integrada, Agenda, Pago seguro","true","true","false","false","false","false","true","false","false","$5000 a $9000"
"gbzNr4N","EkevoG2","2026-08-28 18:47:00","18-25","CABA","Alumno","No","","","","","3","4","5","3","Profesores verificados, Pago seguro, Recordatorios","false","true","true","false","false","false","false","true","false","$9000 o más"
"dbz2odq","dWXKM8N","2026-08-28 19:04:03","18-25","Buenos Aires","Alumno","No","","","","","5","5","5","2","Pago seguro, Resumen automático de la clase, Videollamada integrada, Profesores verificados","true","true","true","false","false","false","false","false","true","$5000 a $9000"
"9N4JAd5","b5XKoPL","2026-08-28 19:12:52","18-25","Buenos Aires","Alumno","No","","","","","4","5","5","3","Profesores verificados, Recordatorios, Resumen automático de la clase","false","false","true","false","false","false","false","true","true","$9000 o más"
"4aON67A","q4Xo6yk","2026-08-28 19:25:29","18-25","Buenos Aires","Alumno","No","","","","","3","3","4","5","Pago seguro, Agenda, Resumen automático de la clase","false","true","false","false","false","false","true","false","true","$5000 a $9000"
"OQEB6JR","GxaX8Vk","2026-08-28 19:31:02","26-40","Buenos Aires","Padre/Madre","No","","","","","5","5","5","1","Videollamada integrada","true","false","false","false","false","false","false","false","false","$3000 a $5000"
"zEdQVR8","ODKdWgA","2026-08-28 19:36:49","26-40","Buenos Aires","Alumno","No","","","","","4","5","5","3","Profesores verificados, Resumen automático de la clase, Videollamada integrada, Chat, Agenda, Recordatorios","true","false","true","false","false","true","true","true","true","$5000 a $9000"
"GebB8KL","J9bXaGd","2026-08-28 19:43:11","Más de 40","Córdoba","Padre/Madre","No","","","","","5","5","5","3","Profesores verificados, IA que recomiende profesores, Agenda, Resumen automático de la clase","false","false","true","false","true","false","true","false","true","$5000 a $9000"
"Qo4B65X","5BoeKvv","2026-08-28 19:48:10","26-40","CABA","Alumno","Sí","Más de cinco","Recomendación","Más de una semana","Confianza","5","5","5","2","Profesores verificados, Calificaciones, Resumen automático de la clase","false","false","true","true","false","false","false","false","true","$9000 o más"
"bZz4BAo","81V61GA","2026-08-28 19:54:41","Más de 40","Buenos Aires","Padre/Madre","No","","","","","3","5","5","5","Profesores verificados, Pago seguro, Resumen automático de la clase, Recordatorios, Agenda, Chat","false","true","true","false","false","true","true","true","true","$9000 o más"
"PRr2d20","Xxd85ye","2026-08-28 20:03:20","18-25","Buenos Aires","Alumno","No","","","","","5","3","5","3","Videollamada integrada, Resumen automático de la clase","true","false","false","false","false","false","false","false","true","$9000 o más"
"X5QRrOP","Y5XJR2z","2026-08-28 20:17:59","18-25","Buenos Aires","Alumno","No","","","","","2","5","5","3","Pago seguro","false","true","false","false","false","false","false","false","false","$5000 a $9000"
"OQEjlog","pbXJd8P","2026-08-28 20:18:17","26-40","Entre Ríos","Alumno","No","","","","","3","5","5","1","Videollamada integrada","true","false","false","false","false","false","false","false","false","$5000 a $9000"
"xVz0YXr","b5XYW6o","2026-08-28 20:35:54","18-25","CABA","Alumno","Sí","Más de cinco","Google","1-3 días","Comparar precios","5","3","5","3","Profesores verificados, Chat, Agenda, Resumen automático de la clase","false","false","true","false","false","true","true","false","true","$5000 a $9000"
"o9z0GVb","9qPR7jX","2026-08-28 20:37:37","Más de 40","Santa Cruz","Alumno","No","","","","","5","2","1","1","Resumen automático de la clase","false","false","false","false","false","false","false","false","true","$9000 o más"
"VpN9ZNa","0QzZxVA","2026-08-28 20:53:25","26-40","CABA","Alumno","No","","","","","3","5","3","5","Videollamada integrada, Pago seguro, Profesores verificados","true","true","true","false","false","false","false","false","false","$9000 o más"
"xVz0Q1G","lbXYyGk","2026-08-28 20:59:12","Menor de 18","Buenos Aires","Alumno","No","","","","","5","5","5","1","Pago seguro, Videollamada integrada, Profesores verificados, Resumen automático de la clase","true","true","true","false","false","false","false","false","true","$9000 o más"
"o9z0odV","q4XJB4Y","2026-08-28 21:08:20","Más de 40","Buenos Aires","Padre/Madre","No","","","","","5","5","5","1","Pago seguro","false","true","false","false","false","false","false","false","false","Hasta $3000"
"Z9eGDkV","44R91E5","2026-08-28 21:59:01","Más de 40","Buenos Aires","Padre/Madre","No","","","","","1","1","1","1","Agenda","false","false","false","false","false","false","true","false","false","Hasta $3000"
"Qo4xGPg","A7N4OKz","2026-08-28 23:30:51","26-40","Buenos Aires","Tutor","No","","","","","5","5","5","5","Videollamada integrada, Profesores verificados, Pago seguro","true","true","true","false","false","false","false","false","false","$9000 o más"
"PRr2KGb","1AzNgN4","2026-08-28 23:34:19","26-40","Buenos Aires","Alumno","No","","","","","3","4","3","1","Resumen automático de la clase, Recordatorios, Videollamada integrada","true","false","false","false","false","false","false","true","true","$3000 a $5000"
"OQEjv9k","RG1b62K","2026-08-28 23:35:21","Menor de 18","Buenos Aires","Alumno","Sí","Más de cinco","Recomendación","Una semana","Confianza","5","5","5","1","Pago seguro","false","true","false","false","false","false","false","false","false","$9000 o más"
"5XVlW9P","1AzNgqO","2026-08-28 23:38:42","Menor de 18","San Juan","Padre/Madre","No","","","","","1","1","1","1","Resumen automático de la clase","false","false","false","false","false","false","false","false","true","Hasta $3000"
"laz0JKv","44R9RKA","2026-08-28 23:40:40","Más de 40","Buenos Aires","Padre/Madre","No","","","","","3","5","5","5","Resumen automático de la clase","false","false","false","false","false","false","false","false","true","$9000 o más"
"RWjZEpK","D49x9xj","2026-08-28 23:43:27","18-25","Buenos Aires","Alumno","No","","","","","2","5","5","5","Videollamada integrada, Chat, Recordatorios, Resumen automático de la clase, Calificaciones","true","false","false","true","false","true","false","true","true","$5000 a $9000"
"laz0PBk","0QzZzlP","2026-08-28 23:44:32","Más de 40","Buenos Aires","Padre/Madre","Sí","Más de cinco","Otro","1-3 días","Coordinar horarios","5","5","5","3","Videollamada integrada, Pago seguro, Profesores verificados, Resumen automático de la clase","true","true","true","false","false","false","false","false","true","$3000 a $5000"
"jez0OvJ","2EzlzQV","2026-08-28 23:47:30","Más de 40","Buenos Aires","Padre/Madre","No","","","","","4","4","4","4","Profesores verificados, Agenda, Calificaciones","false","false","true","true","false","false","true","false","false","$5000 a $9000"
"M1Vr9gA","BzqjY47","2026-08-28 23:48:02","Más de 40","Corrientes","Padre/Madre","No","","","","","5","5","5","5","Videollamada integrada, Profesores verificados, Agenda, Resumen automático de la clase","true","false","true","false","false","false","true","false","true","$5000 a $9000"
"e5zN16e","RG1bQ89","2026-08-28 23:52:11","Más de 40","Buenos Aires","Padre/Madre","No","","","","","5","5","5","5","Profesores verificados, Pago seguro, Chat, Resumen automático de la clase","false","true","true","false","false","true","false","false","true","$3000 a $5000"
"KpGP707","2EzlYDV","2026-08-28 23:52:47","Más de 40","Buenos Aires","Padre/Madre","No","","","","","5","1","1","1","Pago seguro","false","true","false","false","false","false","false","false","false","Hasta $3000"
"6DPrJyo","2Ezldl9","2026-08-29 00:01:57","Más de 40","CABA","Padre/Madre","No","","","","","5","5","5","1","Resumen automático de la clase, Recordatorios, Videollamada integrada","true","false","false","false","false","false","false","true","true","$3000 a $5000"
"7XE4qdP","LZBaLGv","2026-08-29 00:18:43","26-40","Buenos Aires","Alumno","No","","","","","5","4","3","4","Videollamada integrada","true","false","false","false","false","false","false","false","false","$5000 a $9000"
"o9zlEoV","xXER52y","2026-08-29 00:19:09","26-40","Buenos Aires","Alumno","No","","","","","5","5","3","4","Videollamada integrada, Pago seguro, Chat, Agenda","true","true","false","false","false","true","true","false","false","$3000 a $5000"
"bZzNqQg","RG1bylQ","2026-08-29 00:22:24","26-40","Buenos Aires","Tutor","No","","","","","3","5","5","5","Videollamada integrada, Pago seguro, Resumen automático de la clase, Recordatorios, Profesores verificados","true","true","true","false","false","false","false","true","true","$9000 o más"
"jezGZKR","kdXJBXo","2026-08-29 00:23:02","18-25","Buenos Aires","Alumno","No","","","","","4","5","5","5","Pago seguro","false","true","false","false","false","false","false","false","false","Hasta $3000"
"4aOPBQd","yPro5Qg","2026-08-29 00:24:19","18-25","Buenos Aires","Alumno","No","","","","","5","5","5","2","Resumen automático de la clase","false","false","false","false","false","false","false","false","true","$9000 o más"
"rDY2Boo","GxaqAWp","2026-08-29 00:24:48","Más de 40","Buenos Aires","Padre/Madre","No","","","","","4","5","5","3","Profesores verificados, Videollamada integrada, Chat, Calificaciones","true","false","true","true","false","true","false","false","false","$5000 a $9000"
"gbzWe1M","lbXYENo","2026-08-29 00:28:22","Menor de 18","Buenos Aires","Alumno","No","","","","","3","2","4","2","Agenda, Resumen automático de la clase","false","false","false","false","false","false","true","false","true","$5000 a $9000"
"o9zlDJP","aQXAMZv","2026-08-29 00:30:00","26-40","Buenos Aires","Alumno","Sí","Más de cinco","Recomendación","Más de una semana","Encontrar profesor","3","2","4","4","Resumen automático de la clase, Videollamada integrada","true","false","false","false","false","false","false","false","true","$3000 a $5000"
"KpG85ek","jaXJVER","2026-08-29 00:31:28","Más de 40","Buenos Aires","Padre/Madre","No","","","","","4","1","3","2","Agenda","false","false","false","false","false","false","true","false","false","Hasta $3000"
"OQE84La","EkeZOG2","2026-08-29 00:33:09","18-25","Buenos Aires","Alumno","Sí","2-5","Recomendación","Más de una semana","Saber si era bueno","4","5","4","3","Profesores verificados, Pago seguro","false","true","true","false","false","false","false","false","false","$9000 o más"
"X5QOJ2j","81V6l9z","2026-08-29 00:34:34","18-25","Buenos Aires","Alumno","No","","","","","4","4","4","3","Resumen automático de la clase, Videollamada integrada, Pago seguro, Profesores verificados, Chat","true","true","true","false","false","true","false","false","true","$3000 a $5000"
"Eq68doA","ODKb2a8","2026-08-29 00:36:23","Más de 40","Buenos Aires","Padre/Madre","No","","","","","5","5","4","5","Pago seguro, Profesores verificados, Resumen automático de la clase, Agenda, Videollamada integrada","true","true","true","false","false","false","true","false","true","$9000 o más"
"e5z9rqe","81V6Bdo","2026-08-29 00:38:05","Menor de 18","Buenos Aires","Alumno","Sí","2-5","Recomendación","1-3 días","Coordinar horarios","5","5","5","3","Pago seguro, Profesores verificados, Agenda, Recordatorios, Chat","false","true","true","false","false","true","true","true","false","$3000 a $5000"
"BEe8pEQ","68GWldo","2026-08-29 00:38:19","Menor de 18","Buenos Aires","Alumno","No","","","","","3","2","4","3","Calificaciones, Chat","false","false","false","true","false","true","false","false","false","$9000 o más"
"kbzOE9Z","Xxd8p7j","2026-08-29 00:52:31","Más de 40","Buenos Aires","Padre/Madre","No","","","","","5","5","5","5","Videollamada integrada, Profesores verificados, Pago seguro, Resumen automático de la clase","true","true","true","false","false","false","false","false","true","$9000 o más"
"2joOPaM","81V6Xbx","2026-08-29 00:52:47","18-25","Buenos Aires","Alumno","Sí","Más de cinco","Recomendación","Una semana","Comparar precios","4","4","4","3","Resumen automático de la clase, Videollamada integrada","true","false","false","false","false","false","false","false","true","$5000 a $9000"
"5XVE1e6","RG1bOQ4","2026-08-29 01:02:16","26-40","Buenos Aires","Alumno","No","","","","","3","3","2","1","Resumen automático de la clase, Calificaciones, IA que recomiende profesores","false","false","false","true","true","false","false","false","true","$3000 a $5000"
"BEe8kvR","WOXKyOP","2026-08-29 01:05:04","Más de 40","Buenos Aires","Padre/Madre","No","","","","","3","4","4","5","Videollamada integrada","true","false","false","false","false","false","false","false","false","$5000 a $9000"
"8NrjKGk","pbXJaGB","2026-08-29 01:07:51","26-40","Buenos Aires","Alumno","Sí","2-5","Recomendación","Más de una semana","Comparar precios","5","5","5","3","Agenda, Videollamada integrada, Resumen automático de la clase","true","false","false","false","false","false","true","false","true","$3000 a $5000"
"dbzQYYA","EkeZyzX","2026-08-29 01:14:16","26-40","Buenos Aires","Alumno","Sí","2-5","Recomendación","1-3 días","Confianza","4","5","5","2","Pago seguro, Profesores verificados","false","true","true","false","false","false","false","false","false","$9000 o más"
"GebYrbe","zx4GPDE","2026-08-29 01:16:24","26-40","CABA","Tutor","No","","","","","4","5","5","4","Videollamada integrada, Pago seguro, Profesores verificados, Calificaciones, Agenda, Chat, Recordatorios","true","true","true","true","false","true","true","true","false","$5000 a $9000"
"M1V8A2M","PdLbVY1","2026-08-29 01:17:47","18-25","Buenos Aires","Alumno","No","","","","","5","5","5","1","Pago seguro","false","true","false","false","false","false","false","false","false","$5000 a $9000"
"4aOPjQB","Y5XJLO6","2026-08-29 01:27:20","18-25","Buenos Aires","Alumno","No","","","","","2","5","5","5","Videollamada integrada, Pago seguro, Agenda, Recordatorios","true","true","false","false","false","false","true","true","false","$5000 a $9000"
"RWj8LA4","vGVJQZd","2026-08-29 01:33:00","Más de 40","CABA","Padre/Madre","No","","","","","5","3","5","2","Calificaciones","false","false","false","true","false","false","false","false","false","$9000 o más"
"o9zlOqO","KYAWqEk","2026-08-29 01:33:00","Más de 40","Buenos Aires","Alumno","No","","","","","5","5","5","5","Profesores verificados","false","false","true","false","false","false","false","false","false","$5000 a $9000"
"e5z9L2Q","44R9WKY","2026-08-29 01:36:28","Más de 40","CABA","Padre/Madre","No","","","","","5","5","5","1","Pago seguro, Chat, Resumen automático de la clase","false","true","false","false","false","true","false","false","true","$9000 o más"
"rDY2LWR","dWXkqaD","2026-08-29 01:45:30","18-25","Buenos Aires","Alumno","No","","","","","5","5","5","5","Profesores verificados, Videollamada integrada, Recordatorios","true","false","true","false","false","false","false","true","false","$3000 a $5000"
"jezG7aY","aQXaNrv","2026-08-29 01:48:12","Menor de 18","Buenos Aires","Alumno","No","","","","","2","4","5","3","Resumen automático de la clase, Videollamada integrada, Profesores verificados","true","false","true","false","false","false","false","false","true","$5000 a $9000"
"Qo48Jkk","rjRky9o","2026-08-29 01:51:38","Menor de 18","Buenos Aires","Alumno","No","","","","","1","1","1","2","Profesores verificados","false","false","true","false","false","false","false","false","false","$5000 a $9000"
"Ar9WqoB","Bzq2za7","2026-08-29 01:54:39","18-25","Buenos Aires","Alumno","No","","","","","3","4","5","1","Profesores verificados, Resumen automático de la clase","false","false","true","false","false","false","false","false","true","$5000 a $9000"
"xVz9vOE","gDXkdRD","2026-08-29 02:44:41","Menor de 18","Buenos Aires","Alumno","No","","","","","3","1","1","1","Pago seguro, Profesores verificados, Recordatorios","false","true","true","false","false","false","false","true","false","$3000 a $5000"
"GebYbZo","b5X6eDL","2026-08-29 02:51:42","Menor de 18","Buenos Aires","Alumno","Sí","Más de cinco","Recomendación","Más de una semana","Coordinar horarios","4","2","4","3","Profesores verificados, Resumen automático de la clase","false","false","true","false","false","false","false","false","true","$5000 a $9000"
"4aOPq0O","D49ZzYX","2026-08-29 03:12:48","18-25","Buenos Aires","Alumno","Sí","2-5","Recomendación","1-3 días","Saber si era bueno","5","5","5","3","Videollamada integrada, Profesores verificados, Agenda, Chat, Resumen automático de la clase","true","false","true","false","false","true","true","false","true","$5000 a $9000"
"X5QOgad","Mel7RQ8","2026-08-29 03:13:25","26-40","Buenos Aires","Alumno","No","","","","","5","5","5","5","Resumen automático de la clase","false","false","false","false","false","false","false","false","true","$5000 a $9000"
"RWj8NZJ","jaXkW51","2026-08-29 04:22:32","Menor de 18","Buenos Aires","Alumno","No","","","","","5","5","4","4","Resumen automático de la clase","false","false","false","false","false","false","false","false","true","$9000 o más"
"gbzJkRJ","VLXDNpJ","2026-08-29 11:39:32","Más de 40","Santa Fe","Padre/Madre","No","","","","","3","5","4","4","Profesores verificados, Recordatorios, Resumen automático de la clase, Videollamada integrada, Pago seguro","true","true","true","false","false","false","false","true","true","$9000 o más"
"jezkbaJ","1Az61vO","2026-08-29 13:37:51","26-40","Buenos Aires","Alumno","No","","","","","5","5","5","3","Profesores verificados, Resumen automático de la clase, Pago seguro","false","true","true","false","false","false","false","false","true","$9000 o más"
"M1V7aD0","QKpkglG","2026-08-29 13:46:12","Más de 40","Buenos Aires","Tutor","Sí","Más de cinco","Otro","1-3 días","Encontrar profesor","5","5","4","2","Chat, Agenda, Resumen automático de la clase","false","false","false","false","false","true","true","false","true","$9000 o más"
"e5zYjVe","Eke6b6N","2026-08-29 15:26:15","18-25","Buenos Aires","Alumno","No","","","","","5","5","5","5","IA que recomiende profesores, Chat, Profesores verificados, Pago seguro","false","true","true","false","true","true","false","false","false","Hasta $3000"
"o9zkY4x","68GP1Ro","2026-08-29 15:30:34","26-40","Chaco","Padre/Madre","No","","","","","5","5","5","5","Videollamada integrada, Pago seguro, Profesores verificados, IA que recomiende profesores, Resumen automático de la clase","true","true","true","false","true","false","false","false","true","$5000 a $9000"
"jezk8k6","PdLrv2b","2026-08-29 15:37:20","Más de 40","Buenos Aires","Padre/Madre","No","","","","","5","5","5","5","Videollamada integrada, Pago seguro, Profesores verificados, Chat, Agenda, Recordatorios, Resumen automático de la clase","true","true","true","false","false","true","true","true","true","$3000 a $5000"
"J1oodgr","Gxa7YrO","2026-08-29 20:00:31","26-40","Buenos Aires","Alumno","No","","","","","5","5","5","3","Pago seguro, Profesores verificados, Resumen automático de la clase, Videollamada integrada","true","true","true","false","false","false","false","false","true","$3000 a $5000"
"LDOOJpj","VLXxyQv","2026-08-29 21:10:39","Más de 40","Buenos Aires","Padre/Madre","No","","","","","3","5","4","2","Resumen automático de la clase, Recordatorios, Agenda, Calificaciones, Pago seguro, Profesores verificados, Chat","false","true","true","true","false","true","true","true","true","$9000 o más"
"o9zNaxX","eq8Gx4q","2026-08-31 10:43:50","26-40","Corrientes","Padre/Madre","No","Una","Redes","","","5","5","5","4","Videollamada integrada, Pago seguro, Profesores verificados, Chat, Agenda, Recordatorios, Resumen automático de la clase","true","true","true","false","false","true","true","true","true","$3000 a $5000"
"Vpq8BAl","VLaeJKg","2026-09-08 19:52:27","18-25","Buenos Aires","Alumno","No","","","","","5","3","5","5","Profesores verificados, Agenda, Resumen automático de la clase, Pago seguro","false","true","true","false","false","false","true","false","true","$5000 a $9000"
"WJQ0XAQ","J9rPA0r","2026-09-08 19:54:46","18-25","Buenos Aires","Alumno","Sí","Más de cinco","Recomendación","Una semana","Saber si era bueno","5","4","4","3","Videollamada integrada, Resumen automático de la clase, Pago seguro","true","true","false","false","false","false","false","false","true","$5000 a $9000"
"2jVrGWg","obZPB1N","2026-09-08 20:13:03","26-40","Buenos Aires","Alumno","No","","","","","3","5","5","1","Profesores verificados, Calificaciones","false","false","true","true","false","false","false","false","false","Hasta $3000"
"Z9WJ7Bo","vGaZ4Mv","2026-09-08 20:20:50","18-25","Buenos Aires","Tutor","No","","","","","5","2","5","2","Pago seguro","false","true","false","false","false","false","false","false","false","$5000 a $9000"
"PR40obV","ZjA7YV0","2026-09-08 20:27:44","18-25","Buenos Aires","Alumno","No","","","","","5","5","5","3","Videollamada integrada, Recordatorios, Resumen automático de la clase, Profesores verificados","true","false","true","false","false","false","false","true","true","$9000 o más"
"X59Ee0e","dWoMg1z","2026-09-08 21:37:42","Más de 40","Buenos Aires","Tutor","Sí","Más de cinco","Google","Una semana","Saber si era bueno","5","4","5","3","Resumen automático de la clase, Agenda, Recordatorios, Profesores verificados, Calificaciones, Videollamada integrada, Pago seguro, Chat","true","true","true","true","false","true","true","true","true","$9000 o más"
"5XrlVPM","7RYGglz","2026-09-09 11:50:50","26-40","Buenos Aires","Tutor","Sí","2-5","Recomendación","Una semana","Saber si era bueno","4","1","3","2","Profesores verificados","false","false","true","false","false","false","false","false","false","$3000 a $5000"
"vXg0aB8","eqG4Wqq","2026-09-09 12:12:49","Más de 40","Buenos Aires","Padre/Madre","No","","","","","3","4","5","3","Videollamada integrada, Profesores verificados, Resumen automático de la clase","true","false","true","false","false","false","false","false","true","$3000 a $5000"
"8N2JY9k","rjQ7MdR","2026-09-09 12:14:26","Más de 40","Buenos Aires","Padre/Madre","No","","","","","3","5","4","3","Profesores verificados, Chat","false","false","true","false","false","true","false","false","false","$5000 a $9000"
"Vpq9OKj","Xx7XaYd","2026-09-09 12:23:21","Más de 40","Buenos Aires","Padre/Madre","Sí","Una","Recomendación","1-3 días","Encontrar profesor","5","5","5","5","Videollamada integrada, Pago seguro, Profesores verificados","true","true","true","false","false","false","false","false","false","$9000 o más"